Workbook

Sheet TblVentes
A1: Date | B1: Produit | C1: Région | D1: Catégorie | E1: Vendeur | F1: Quantité | G1: Prix Unitaire | H1: Montant
A2: 45296 | B2: Laptop Pro | C2: Île-de-France | D2: Informatique | E2: Alice M. | F2: 3 | G2: 1200 | H2: 3600
A3: 45298 | B3: Smartphone X | C3: PACA | D3: Mobile | E3: Karim B. | F3: 5 | G3: 650 | H3: 3250
A4: 45301 | B4: Tablette Air | C4: Auvergne-Rhône-Alpes | D4: Informatique | E4: Lucie D. | F4: 2 | G4: 450 | H4: 900
A5: 45303 | B5: Écouteurs BT | C5: Île-de-France | D5: Audio | E5: Thomas R. | F5: 10 | G5: 120 | H5: 1200
A6: 45306 | B6: Laptop Pro | C6: Grand Est | D6: Informatique | E6: Nadia K. | F6: 2 | G6: 1200 | H6: 2400
A7: 45309 | B7: Montre Smart | C7: PACA | D7: Wearable | E7: Alice M. | F7: 4 | G7: 280 | H7: 1120
A8: 45311 | B8: Smartphone X | C8: Île-de-France | D8: Mobile | E8: Karim B. | F8: 8 | G8: 650 | H8: 5200
A9: 45313 | B9: Tablette Air | C9: Île-de-France | D9: Informatique | E9: Lucie D. | F9: 3 | G9: 450 | H9: 1350
A10: 45316 | B10: Écouteurs BT | C10: Grand Est | D10: Audio | E10: Thomas R. | F10: 15 | G10: 120 | H10: 1800
A11: 45319 | B11: Laptop Pro | C11: PACA | D11: Informatique | E11: Nadia K. | F11: 4 | G11: 1200 | H11: 4800
A12: 45324 | B12: Smartphone X | C12: Auvergne-Rhône-Alpes | D12: Mobile | E12: Alice M. | F12: 6 | G12: 650 | H12: 3900
A13: 45327 | B13: Montre Smart | C13: Île-de-France | D13: Wearable | E13: Karim B. | F13: 7 | G13: 280 | H13: 1960
... A50: 45437 | B50: Montre Smart | C50: PACA | D50: Wearable | E50: Nadia K. | F50: 4 | G50: 280 | H50: 1120

Sheet Dashboard
A1: KPI | B1: FORMULES
A2: CA Total | B2: =SUM(TblVentes!H2:H49) -> 157280
A3: Nb Ventes | B3: =COUNT(TblVentes!H2:H49) -> 48
A4: Panier Moyen | B4: =AVERAGE(TblVentes!H2:H49) -> 3276.6667
A5: Qté Totale | B5: =SUM(TblVentes!F2:F49) -> 359
A6: Nb Produits | B6: =COUNTA(UNIQUE(Tableau1[Produit])) -> 1
A9: Tableau SOMME.SI par Produit
A10: Produit | B10: CA | C10: Nb Ventes
A11: Laptop Pro | B11: =SUMIF(Tableau1[Produit],TblVentes!B10, Tableau1[Montant]) -> 18240 | C11: =COUNTIF(Tableau1[Produit],TblVentes!B10) -> 9
A12: Smartphone X | B12: =SUMIF(Tableau1[Produit],TblVentes!B11, Tableau1[Montant]) -> 62400 | C12: =COUNTIF(Tableau1[Produit],TblVentes!B11) -> 12
A13: Tablette Air | B13: =SUMIF(Tableau1[Produit],TblVentes!B12, Tableau1[Montant]) -> 46150 | C13: =COUNTIF(Tableau1[Produit],TblVentes!B12) -> 10
A14: Écouteurs BT | B14: =SUMIF(Tableau1[Produit],TblVentes!B13, Tableau1[Montant]) -> 13160 | C14: =COUNTIF(Tableau1[Produit],TblVentes!B13) -> 8
A15: Montre Smart | B15: =SUMIF(Tableau1[Produit],TblVentes!B14, Tableau1[Montant]) -> 62400 | C15: =COUNTIF(Tableau1[Produit],TblVentes!B14) -> 12
A17: Tableau SOMME.SI par Vendeur
A18: Vendeur | B18: CA | C18: Nb Ventes
A19: Alice M. | B19: =SUMIF(Tableau1[Vendeur], TblVentes!E2, Tableau1[Montant]) -> 43990 | C19: =COUNTIF(Tableau1[Vendeur],TblVentes!E2) -> 10
A20: Karim B. | B20: =SUMIF(Tableau1[Vendeur], TblVentes!E3, Tableau1[Montant]) -> 41530 | C20: =COUNTIF(Tableau1[Vendeur],TblVentes!E3) -> 9
A21: Lucie D. | B21: =SUMIF(Tableau1[Vendeur], TblVentes!E4, Tableau1[Montant]) -> 29130 | C21: =COUNTIF(Tableau1[Vendeur],TblVentes!E4) -> 10
A22: Thomas R. | B22: =SUMIF(Tableau1[Vendeur], TblVentes!E5, Tableau1[Montant]) -> 18960 | C22: =COUNTIF(Tableau1[Vendeur],TblVentes!E5) -> 10
A23: Nadia K. | B23: =SUMIF(Tableau1[Vendeur], TblVentes!E6, Tableau1[Montant]) -> 24790 | C23: =COUNTIF(Tableau1[Vendeur],TblVentes!E6) -> 10
